{
  "initialization_time_control": 0.0960843563079834,
  "execution_time_control": 22.14687967300415,
  "total_time": 22.242964029312134
}