{
  "initialization_time_control": 0.13310599327087402,
  "execution_time_control": 17.900330781936646,
  "total_time": 18.03343677520752
}