{
  "initialization_time_control": 0.13438057899475098,
  "execution_time_control": 59.265519857406616,
  "total_time": 59.39990043640137
}