{
  "initialization_time_control": 0.1351475715637207,
  "execution_time_control": 16.156113862991333,
  "total_time": 16.291261434555054
}