{
  "initialization_time_control": 0.13349199295043945,
  "execution_time_control": 37.93029499053955,
  "total_time": 38.06378698348999
}