{
  "initialization_time_planning": 0.1493232250213623,
  "execution_time_planning": 17.16775918006897,
  "total_time": 17.317082405090332
}