{
  "initialization_time_planning": 0.13683009147644043,
  "execution_time_planning": 17.45772123336792,
  "total_time": 17.59455132484436
}