{
  "initialization_time_planning": 0.1387932300567627,
  "execution_time_planning": 19.178730726242065,
  "total_time": 19.317523956298828
}